A,B,phi,support_AB,q_value
AMX/AMP,AMC,0.24311354834968252,0.394490801246607,0.0
AMX/AMP,CZ,0.23824424794153076,0.386548708153212,0.0
AMX/AMP,FOX,0.2345281620600017,0.38815723333668445,0.0
AMX/AMP,CTX/CRO,0.2478350086089513,0.3920780134713984,0.0
AMX/AMP,IPM,0.24810297931447567,0.390469488287926,0.0
AMX/AMP,GEN,0.026069068705136776,0.11651754297778225,0.011881125936373877
AMX/AMP,AN,0.025432169251140134,0.11480848497034282,0.013997104157861125
AMX/AMP,Acide nalidixique,0.07075129653305266,0.09208806675379512,3.901661602496817e-12
AMX/AMP,ofx,0.07951027200697622,0.09309339499346536,1.0597583416876494e-14
AMX/AMP,CIP,0.08612157914945363,0.09832110183975068,0.0
AMX/AMP,C,0.07394980530779359,0.0923896652256962,5.550398850206669e-13
AMX/AMP,Co-trimoxazole,0.09668184028193824,0.09822056901578366,0.0
AMX/AMP,Furanes,0.07261291256201949,0.0884688850909822,1.2545820238541194e-12
AMX/AMP,colistine,0.06713605049731176,0.0884688850909822,4.416372496465596e-11
AMC,CZ,0.23253098383175488,0.3907710867598271,0.0
AMC,FOX,0.22943069496630725,0.39258067759123355,0.0
AMC,CTX/CRO,0.24603250118468606,0.39730572031768374,0.0
AMC,IPM,0.22291321722711385,0.38996682416809086,0.0
AMC,GEN,0.008824121841696701,0.1151100834422439,0.4017798681658006
AMC,AN,0.03830505553094968,0.11923192922489192,0.00019708525388383944
AMC,Acide nalidixique,0.061517435120322136,0.09188700110586107,1.6214794355691579e-09
AMC,ofx,0.07210154845999323,0.0931939278174324,1.687983086640088e-12
AMC,CIP,0.07212576329648852,0.09731577360008042,1.687983086640088e-12
AMC,C,0.07181556840556284,0.09339499346536644,2.0286617913989063e-12
AMC,Co-trimoxazole,0.07342687811580645,0.095606715592641,7.945206992321374e-13
AMC,Furanes,0.0713962778433173,0.08957474615461948,2.6157485268705405e-12
AMC,colistine,0.07418907037956846,0.09098220569015783,4.795053243356051e-13
CZ,FOX,0.2403619181296427,0.3884588318085855,0.0
CZ,CTX/CRO,0.23557356466293786,0.38795616768875035,0.0
CZ,IPM,0.2255538748305422,0.38383432190610234,0.0
CZ,GEN,0.01880146633546847,0.11470795214637579,0.06860292686790907
CZ,AN,0.011900534558369561,0.11179250025133206,0.25467240527283436
CZ,Acide nalidixique,0.06882365243383572,0.09148486980999296,1.43380545531662e-11
CZ,ofx,0.055213969996616215,0.08866995073891626,6.733398543413178e-08
CZ,CIP,0.08082333645714783,0.09711470795214637,3.885780586188048e-15
CZ,C,0.0702509550307197,0.09148486980999296,5.460844542517165e-12
CZ,Co-trimoxazole,0.08721938585929163,0.09631044536041017,0.0
CZ,Furanes,0.07595586277987074,0.08877048356288328,1.3405943022348765e-13
CZ,colistine,0.07763214168169678,0.08997687745048759,4.2743586448068527e-14
FOX,CTX/CRO,0.23383976878842982,0.3900673569920579,0.0
FOX,IPM,0.23086008508156414,0.3876545692168493,0.0
FOX,GEN,0.03388068219289803,0.11852819945712276,0.0010048139932132038
FOX,AN,0.03487173284682902,0.1171207399215844,0.0007074490044977954
FOX,Acide nalidixique,0.07169704165237933,0.09259073087363023,2.158828671383617e-12
FOX,ofx,0.06634202018940547,0.09118327133809188,7.421870810239065e-11
FOX,CIP,0.06792040688313083,0.09550618276867397,2.6303392797188962e-11
FOX,C,0.07314031836328708,0.09259073087363023,8.986145161316017e-13
FOX,Co-trimoxazole,0.07487171121557006,0.0948024530009048,2.96257271588337e-13
FOX,Furanes,0.07007839286440237,0.08836835226701518,6.045546008248692e-12
FOX,colistine,0.07234145432350825,0.08967527897858651,1.4909126564900458e-12
CTX/CRO,IPM,0.24498825508219163,0.39177641499949734,0.0
CTX/CRO,GEN,0.019315433569977034,0.1159143460339801,0.062367929749424594
CTX/CRO,AN,0.018175947406150906,0.11410475520257364,0.07722146319588956
CTX/CRO,Acide nalidixique,0.07309259063963629,0.09299286216949834,9.050630615329661e-13
CTX/CRO,ofx,0.06303115160138692,0.09078114004222379,6.318154024656211e-10
CTX/CRO,CIP,0.08600654317512152,0.09882376595958581,0.0
CTX/CRO,C,0.073364000068954,0.09279179652156429,8.071826035854263e-13
CTX/CRO,Co-trimoxazole,0.07332337148162674,0.09470192017693776,8.074423482770164e-13
CTX/CRO,Furanes,0.07634367317254173,0.08957474615461948,1.0318906223321594e-13
CTX/CRO,colistine,0.07677696583771365,0.09058007439428974,7.666944002747956e-14
IPM,GEN,0.043369807414005784,0.12003619181662813,2.4214475586945763e-05
IPM,AN,0.023711311053273575,0.11460741932240877,0.02176987675925061
IPM,Acide nalidixique,0.07136808404535094,0.09228913240172916,2.6157485268705405e-12
IPM,ofx,0.07719061023408817,0.09279179652156429,5.782041512247815e-14
IPM,CIP,0.06361837878978005,0.09450085452900372,4.4077838863120284e-10
IPM,C,0.0786849927215561,0.09329446064139942,1.9259955948932064e-14
IPM,Co-trimoxazole,0.09379342369350756,0.09781843771991555,0.0
IPM,Furanes,0.05889309886047096,0.08625716296370765,7.991613204527681e-09
IPM,colistine,0.07076256350929944,0.08917261485875139,3.901661602496817e-12
GEN,AN,0.024795268956163692,0.041017392178546296,0.016360936031708413
GEN,Acide nalidixique,0.02490900739151344,0.030461445662008646,0.01603530992685592
GEN,ofx,0.01875465510977376,0.029456117422338394,0.06860292686790907
GEN,CIP,0.01997034023681059,0.03096410978184377,0.054741758881069295
GEN,C,0.0064034817351309725,0.02784759223886599,0.5437662024381721
GEN,Co-trimoxazole,0.0012347298483172192,0.027747059414898963,0.9106650030626463
GEN,Furanes,0.0017682197385518064,0.026038001407459536,0.8767161601267953
GEN,colistine,0.019709487159290686,0.028752387654569216,0.05755295725997311
AN,Acide nalidixique,0.02117776819175211,0.029556650246305417,0.04137114961586353
AN,ofx,0.010526644574167743,0.027948125062833014,0.31476143433612336
AN,CIP,-0.0075460390000412075,0.02674173117522871,0.47427385964089014
AN,C,0.0003436681522899518,0.026641198351261688,0.9726573641289892
AN,Co-trimoxazole,0.017224571509191426,0.029556650246305417,0.09386267836474159
AN,Furanes,-0.002295879875029203,0.025133205991756308,0.8429702812364882
AN,colistine,0.018788382423125766,0.02824972353473409,0.06860292686790907
Acide nalidixique,ofx,0.026043655680901272,0.02241881974464663,0.011881125936373877
Acide nalidixique,CIP,0.030322842402549084,0.023926812104152005,0.0033554265109098733
Acide nalidixique,C,0.04233072398926962,0.024429476223987133,3.797493528276532e-05
Acide nalidixique,Co-trimoxazole,0.03169519663846759,0.02362521363225093,0.002143220751616437
Acide nalidixique,Furanes,0.0280449153262809,0.021815622800844477,0.006768771253077822
Acide nalidixique,colistine,0.036345775520321116,0.02302201668844878,0.0004215111753821943
ofx,CIP,0.038790833888301214,0.024831607519855234,0.00016644283569576475
ofx,C,0.04673423257985339,0.024831607519855234,5.328626860858705e-06
ofx,Co-trimoxazole,0.03855470590749981,0.024328943400020106,0.00018065174124348715
ofx,Furanes,0.02816728104553985,0.02171508997687745,0.006599911118591651
ofx,colistine,0.04503004115109842,0.023926812104152005,1.1627297253945582e-05
CIP,C,0.040739874149799,0.025133205991756308,7.474964203140494e-05
CIP,Co-trimoxazole,0.05221680586871195,0.02704332964712979,3.4521358726415966e-07
CIP,Furanes,0.02697388432858279,0.022519352568613652,0.009255893256776272
CIP,colistine,0.03590034633185154,0.02382627928018498,0.0004932501791228313
C,Co-trimoxazole,0.0521886698792047,0.026038001407459536,3.4521358726415966e-07
C,Furanes,0.035383749753497874,0.02261988539258068,0.0005919097957166278
C,colistine,0.04962997227990074,0.024530009047954156,1.2785758440516804e-06
Co-trimoxazole,Furanes,0.044286425162918475,0.024127877752086056,1.617495608962328e-05
Co-trimoxazole,colistine,0.05156357744618611,0.025233738815723335,4.739937889131074e-07
Furanes,colistine,0.04541380891582242,0.023122549512415803,9.861825405743652e-06
