división,descripción división,total_empresas,porcentaje_municipal
47,"Comercio al por menor (incluso el comercio al por menor de combustibles), excepto el de vehículos automotores y motocicletas",120466,24.926183189838007
56,Actividades de servicios de comidas y bebidas,39384,8.149127544274567
46,"Comercio al por mayor y en comisión o por contrata, excepto el comercio de vehículos automotores y motocicletas",27331,5.655184971373354
68,Actividades inmobiliarias,19077,3.9473112472609673
45,"Comercio, mantenimiento y reparación de vehículos automotores y motocicletas, sus partes, piezas y accesorios",18726,3.874684196477898
70,Actividades de administración empresarial; actividades de consultoría de gestión,15462,3.199314698597739
96,Otras actividades de servicios personales,15255,3.1564833609564427
10,Elaboración de productos alimenticios,13462,2.785485349406465
43,Actividades especializadas para la construcción de edificios y obras de ingeniería civil,13436,2.780105567866979
14,Confección de prendas de vestir,12034,2.4900111940838956
82,Actividades administrativas y de apoyo de oficina y otras actividades de apoyo a las empresas,10808,2.2363338030296447
62,"Desarrollo de sistemas informáticos (planificación, análisis, diseño, programación, pruebas), consultoría informática y actividades relacionadas",9480,1.9615511151666387
01,"Agricultura, ganadería, caza y actividades de servicios conexas ",9243,1.9125123372874728
41,Construcción de edificios,9045,1.8715432317175367
86,Actividades de atención de la salud humana,8610,1.7815353482684346
74,"Otras actividades profesionales, científicas y técnicas",8242,1.70539074801724
42,Obras de ingeniería civil,7524,1.5568260116575727
66,Actividades auxiliares de las actividades de servicios financieros,7247,1.4995106467945813
69,Actividades jurídicas y de contabilidad,7059,1.4606106879706016
73,Publicidad y estudios de mercado,6079,1.2578343068668774
55,Alojamiento,6020,1.2456263410657347
49,Transporte terrestre; transporte por tuberías,5952,1.2315561431932314
71,Actividades de arquitectura e ingeniería; ensayos y análisis técnicos,5112,1.0577478165328964
33,"Instalación, mantenimiento y reparación especializado de maquinaria y equipo",4604,0.9526351618383126
85,Educación,4409,0.9122868002921635
79,"Actividades de las agencias de viajes, operadores turísticos, servicios de reserva y actividades relacionadas",4219,0.8729730121189925
25,"Fabricación de productos elaborados de metal, excepto maquinaria y equipo",4174,0.8636618517621888
95,"Mantenimiento y reparación de computadores, efectos personales y enseres domésticos",4151,0.8589028142464893
18,Actividades de impresión y de producción de copias a partir de grabaciones originales ,4074,0.8429703843026252
32,Otras industrias manufactureras,3957,0.8187613673749357
52,Almacenamiento y actividades complementarias al transporte,3814,0.7891725689077596
13,Fabricación de productos textiles,3804,0.7871034221618032
77,Actividades de alquiler y arrendamiento,3097,0.6408147472226877
31,"Fabricación de muebles, colchones y somieres",2894,0.5988110682797735
90,"Actividades creativas, artísticas y de entretenimiento",2772,0.5735674779791058
15,"Curtido y recurtido de cueros; fabricación de calzado; fabricación de artículos de viaje, maletas, bolsos de mano y artículos similares, y fabricación de artículos de talabartería y guarnicionería; adobo y teñido de pieles",2550,0.5276324202188744
93,Actividades deportivas y actividades recreativas y de esparcimiento,2379,0.49225001086302045
92,Actividades de juegos de azar y apuestas,2363,0.4889393760694903
61,Telecomunicaciones,2297,0.47528300754617825
81,"Actividades de servicios a edificios y paisajismo (jardines, zonas verdes)",2096,0.4336931579524551
64,"Actividades de servicios financieros, excepto las de seguros y de pensiones",2091,0.4326585845794769
20,Fabricación de sustancias y productos químicos,2056,0.42541657096862967
63,Actividades de servicios de información,1995,0.4127947758182958
22,Fabricación de productos de caucho y de plástico,1885,0.3900341616127757
16,"Transformación de la madera y fabricación de productos de madera y de corcho, excepto muebles; fabricación de artículos de cestería y espartería",1861,0.38506820942248043
53,Correo y servicios de mensajería,1701,0.35196186148717856
38,"Recolección, tratamiento y disposición de desechos, recuperación de materiales",1460,0.30209542490963004
59,"Actividades cinematográficas, de video y producción de programas de televisión, grabación de sonido y edición de música",1434,0.29671564337014344
28,Fabricación de maquinaria y equipo n.c.p.,1176,0.2433316573244691
07,Extracción de minerales metalíferos,1164,0.24084868122932146
80,Actividades de seguridad e investigación privada,1109,0.22946837412656146
58,Actividades de edición,1072,0.22181253116652289
75,Actividades veterinarias,1024,0.21188062678593228
23,Fabricación de otros productos minerales no metálicos,868,0.1796019375490129
35,"Suministro de electricidad, gas, vapor y aire acondicionado ",747,0.15456526192294084
78,Actividades de empleo,741,0.15332377387536703
02,Silvicultura y extracción de madera,645,0.13345996511418587
72,Investigación científica y desarrollo,611,0.1264248661779342
24,Fabricación de productos metalúrgicos básicos,559,0.11566530309896107
11,Elaboración de bebidas,507,0.10490574001998795
27,Fabricación de aparatos y equipo eléctrico,506,0.10469882534539232
87,Actividades de atención residencial medicalizada,503,0.1040780813216054
29,"Fabricación de vehículos automotores, remolques y semirremolques",494,0.10221584925024468
21,"Fabricación de productos farmacéuticos, sustancias químicas medicinales y productos botánicos de uso farmacéutico",464,0.09600840901237556
17,"Fabricación de papel, cartón y productos de papel y cartón",451,0.09331851824263229
65,"Seguros (incluso el reaseguro), seguros sociales y fondos de pensiones, excepto la seguridad social",416,0.086076504631785
08,Extracción de otras minas y canteras,398,0.08235204048906353
26,"Fabricación de productos informáticos, electrónicos y ópticos",317,0.06559195184681693
09,Actividades de servicios de apoyo para la explotación de minas ,302,0.06248823172788238
60,"Actividades de programación, transmisión y/o difusión",245,0.050694095275931064
84,Administración pública y defensa; planes de seguridad social de afiliación obligatoria,219,0.045314313736444504
51,Transporte aéreo,218,0.045107399061848866
94,Actividades de asociaciones,198,0.040969105569936125
03,Pesca y acuicultura,174,0.036003153379640836
39,Actividades de saneamiento ambiental y otros servicios de gestión de desechos,165,0.03414092130828011
36,"Captación, tratamiento y distribución de agua",146,0.030209542490963
30,Fabricación de otros tipos de equipo de transporte,127,0.0262781636736459
05,Extracción de carbón de piedra y lignito,86,0.017794662015224783
19,"Coquización, fabricación de productos de la refinación del petróleo y actividad de mezcla de combustibles ",80,0.01655317396765096
91,"Actividades de bibliotecas, archivos, museos y otras actividades culturales",79,0.01634625929305532
37,Evacuación y tratamiento de aguas residuales,78,0.016139344618459686
88,Actividades de asistencia social sin alojamiento,66,0.013656368523312042
98,Actividades no diferenciadas de los hogares individuales como productores de bienes y servicios para uso propio,54,0.011173392428164397
50,Transporte acuático,52,0.010759563078973125
97,Actividades de los hogares individuales como empleadores de personal doméstico,27,0.0055866962140821985
12,Elaboración de productos de tabaco,11,0.0022760614205520066
99,Actividades de organizaciones y entidades extraterritoriales,1,0.000206914674595637
